{
  "pointSize": 0.3,
  "pointOpacity": 1,
  "maxDepth": 5.6,
  "showTrajectory": true,
  "trajectoryLineWidth": 4.5,
  "trajectoryBallSize": 0.005,
  "trajectoryHistory": 15,
  "showCameraFrustum": true,
  "frustumSize": 0.32,
  "cameraPosition": {
    "x": -15.408428547570898,
    "y": -51.75919723115156,
    "z": -4.26773199306176
  },
  "cameraTarget": {
    "x": -21.951413692302165,
    "y": -44.41751662697744,
    "z": -3.557116881149891
  },
  "cameraUp": {
    "x": -0.2177110245514197,
    "y": 0.18083437601081143,
    "z": -0.95911461162968
  },
  "currentFrame": 137,
  "isPlaying": true
}