{
  "pointSize": 0.1,
  "pointOpacity": 1,
  "maxDepth": 5.6,
  "showTrajectory": true,
  "trajectoryLineWidth": 3.5,
  "trajectoryBallSize": 0.004,
  "trajectoryHistory": 34,
  "showCameraFrustum": true,
  "frustumSize": 0.32,
  "cameraPosition": {
    "x": -16.597501673709786,
    "y": -50.38875168054281,
    "z": -3.998273886465848
  },
  "cameraTarget": {
    "x": -21.92680396775056,
    "y": -44.40890694293921,
    "z": -3.4194734364691723
  },
  "cameraUp": {
    "x": -0.2177110245514197,
    "y": 0.18083437601081143,
    "z": -0.95911461162968
  },
  "currentFrame": 231,
  "isPlaying": true
}