{
  "pointSize": 0.1,
  "pointOpacity": 1,
  "maxDepth": 42.1,
  "showTrajectory": true,
  "trajectoryLineWidth": 3,
  "trajectoryBallSize": 0.005,
  "trajectoryHistory": 15,
  "showCameraFrustum": true,
  "frustumSize": 2.08,
  "cameraPosition": {
    "x": -42.886190916842914,
    "y": 3.2635141601912667,
    "z": -27.162377518647148
  },
  "cameraTarget": {
    "x": 2.6526144831686267,
    "y": 0.4792412880666607,
    "z": 0.2000972837794008
  },
  "cameraUp": {
    "x": 0.5131587128139945,
    "y": -0.03485166815518732,
    "z": -0.8575858538303236
  },
  "currentFrame": 32,
  "isPlaying": true
}