{
  "pointSize": 0.025,
  "pointOpacity": 1,
  "maxDepth": 40.6,
  "showTrajectory": true,
  "trajectoryLineWidth": 4.5,
  "trajectoryBallSize": 0.005,
  "trajectoryHistory": 15,
  "showCameraFrustum": true,
  "frustumSize": 1.38,
  "cameraPosition": {
    "x": 1.1912404518491018,
    "y": -20.30811301797502,
    "z": -13.795811939972676
  },
  "cameraTarget": {
    "x": 0.7840284703634782,
    "y": 16.362037403709547,
    "z": 10.108698989329124
  },
  "cameraUp": {
    "x": 0,
    "y": 1,
    "z": 0
  },
  "currentFrame": 89,
  "isPlaying": true
}